name;branche;adresse;stadtteil;telefon;telefon2;email;inhaber;zeiten;website;info;quelle
Petra's Frisör-Stube;Friseur;Bonhoefferstr. 12, 90473 Nürnberg;Langwasser;0911 805638;;;Petra Märlender;;keine;Friseur plus Kosmetik, Fußpflege und Solarium. Online nur in Branchenbüchern und auf der Wella-Salonseite.;https://www.11880.com/branchenbuch/nuernberg-mittelfranken/110631771B29405742/petra-s-frisoer-stube-kosmetik-fusspflege-solarium.html
GADO Hairstyle;Friseur;Adlerstr. 28, 90402 Nürnberg;Altstadt;0911 2377282;;;Domenico Allocca;;keine;Trendsalon in der Fußgängerzone nahe der Lorenzkirche (TIGI / Toni&Guy-Schnitte).;https://www.yelp.com/biz/gado-hairstyle-n%C3%BCrnberg
Ihr Friseur 113;Friseur;Äußere Sulzbacher Str. 1, 90489 Nürnberg;Gärten b. Wöhrd;0911 5109441;;;;;keine;Meisterbetrieb, 5 Sterne bei Yelp. 11880 nennt noch Schoppershofstr. 18: Adresse im Gespräch kurz bestätigen.;https://www.11880.com/branchenbuch/nuernberg-mittelfranken/110631771B35510575/ihr-friseur-113-friseur.html
Hair 18;Friseur;Laufamholzstr. 40, 90482 Nürnberg;Mögeldorf;0911 5441604;;;;Mo–Sa 9–18;keine;4,4 Sterne bei 7 Bewertungen.;https://www.11880.com/branchenbuch/nuernberg-mittelfranken/110631771B28834680/hair-18.html
Änderungsschneiderei le fil;Schneiderei;Jakobsplatz 2, 90402 Nürnberg;Altstadt;0911 4508500;;;;;keine;Änderungen und Maßanfertigung, auch Heimtextilien. Hat ein YouTube-Video, aber keine Website.;https://www.11880.com/branchenbuch/nuernberg-mittelfranken/060690120B102023085/aenderungsschneiderei-le-fil.html
Burak Änderungsschneiderei;Schneiderei;Adamstr. 15, 90489 Nürnberg;Rennweg;0911 5817643;;;;;keine;Teils auch unter Künhofer Str. 16 gelistet.;https://www.11880.com/branchenbuch/nuernberg-mittelfranken/060690120B54294739/burak-aenderungsschneiderei-schneiderei.html
Änderungsschneiderei Kamo;Schneiderei;Humboldtstr. 99, 90459 Nürnberg;Galgenhof;0911 4319807;;;;Mo–Fr 9–12 und 13–18, Sa 10–13;keine;Gleichzeitig Hermes-Paketshop. Sehr freundliche Bewertungen.;https://www.11880.com/branchenbuch/nuernberg-mittelfranken/060690120B38625758/aenderungsschneiderei-kamo.html
Änderungsschneiderei Jakimovska;Schneiderei;Nibelungenstr. 11, 90461 Nürnberg;Südstadt;0911 499443;;;Frau Jakimovska;Di–Fr vormittags und 15–17:30, Sa 10–12:30;keine;Bewertungen loben Genauigkeit und Preis-Leistung.;https://www.11880.com/branchenbuch/nuernberg-mittelfranken/060690120B102683416/jakimovska-aenderungsschneiderei.html
Änderungsschneiderei Zerzabelshof;Schneiderei;Zerzabelshofstr. 5, 90478 Nürnberg;Zerzabelshof;0170 8366625;;;;Di–Fr 10–13 und 14–18, Sa 10–13;keine;Eintrag ohne Firmennamen: Namen im Gespräch erfragen.;https://www.11880.com/branchenbuch/nuernberg-mittelfranken/060694693B112577198/aenderungsschneiderei.html
Semiha Kumlu Änderungsschneiderei;Schneiderei;Untere Kanalstr. 1, 90429 Nürnberg;Gostenhof;0911 2741430;;;Semiha Kumlu;;keine;;https://www.11880.com/branchenbuch/nuernberg-mittelfranken/060690120B43360104/semiha-kumlu-aenderungsschneiderei.html
Änderungsschneiderei Bederova;Schneiderei;Johannisstr. 32, 90419 Nürnberg;St. Johannis;0911 3778335;;;Inna Bederova;;keine;;https://www.11880.com/branchenbuch/nuernberg-mittelfranken/060690120B100122854/aenderungsschneiderei-bederova.html
Schuhmacher & Schlüsseldienst Thomas Jaeger;Schuhmacher;Sulzbacher Str. 77 (im EDEKA U1), 90489 Nürnberg;Rennweg;0911 5808338;;;Thomas Jaeger;;keine;4,7 Sterne bei 34 Bewertungen: gute Bewertungen, aber keine eigene Seite.;https://web2.cylex.de/firma-home/schuhmacher-und-schluesseldienst-thomas-jaeger-im-edeka-u1-13842778.html
KTN KFZ-Technik Nord;Kfz-Werkstatt;Tiefenfeldstr. 10, 90411 Nürnberg;Klingenhof;0911 99933544;;;Hasan Sucu;Mo–Fr 8–18:30, Sa 9–14;keine;Partner von „Profi Service Werkstatt“, sonst nur Facebook.;https://www.11880.com/branchenbuch/nuernberg-mittelfranken/012080446B102128065/kfz-technik-nord.html
H & H AutoService;Kfz-Werkstatt;Zerzabelshofstr. 63, 90480 Nürnberg;Zerzabelshof;0911 9405464;;;Bernd Hirschmann & Horst Hahn (GbR);Mo–Do 8–16:30, Fr 8–15:30;keine;Reparatur, Unfall, Karosserie, Klima, AU/TÜV, Reifen.;https://www.11880.com/branchenbuch/nuernberg-mittelfranken/012080446B33473124/h-h-autoservice-bernd-hirschmann.html
Savas KFZ-Werkstatt;Kfz-Werkstatt;Wirthstr. 22–24, 90459 Nürnberg;Galgenhof;0911 651646;;;;Mo–Fr 8:30–18, Sa 8:30–13;keine;;https://www.11880.com/branchenbuch/nuernberg-mittelfranken/012080446B100174654/savas-kfz-werkstatt.html
Malerbetrieb Norbert Malter;Maler;Erich-Ollenhauer-Str. 4, 90427 Nürnberg;Boxdorf;0911 305260;;;Norbert Malter (Malermeister);;keine;Malen, Tapezieren, Lasur- und Wischtechnik, Fassaden. 5 Sterne.;https://www.11880.com/branchenbuch/nuernberg-mittelfranken/060693296B100460060/norbert-malter-malerbetrieb.html
Malereibetrieb Willi Schwab e.K.;Maler;Merkelsgasse 19, 90489 Nürnberg;Gärten b. Wöhrd;0911 551202;;;;;unklar;Familienbetrieb seit 1913. Hat eine E-Mail-Adresse, daher vielleicht eine alte Website: vor dem Anruf kurz googeln.;https://www.11880.com/branchenbuch/nuernberg-mittelfranken/060693517B28227164/willi-schwab-malereibetrieb.html
Dieter Buchner Fliesen & Mosaik;Fliesenleger;Schoppershofstr. 10, 90489 Nürnberg;Rennweg;0911 5193566;;;Dieter Buchner (Bodenlegermeister);;keine;;https://www.11880.com/branchenbuch/nuernberg-mittelfranken/060691660B107433969/dieter-buchner.html
Hausmeisterdienste Koch;Hausmeisterservice;Keplerstr. 14a, 90478 Nürnberg;Glockenhof;0911 4098737;;Hausmeisterdienst.koch@googlemail.com;Umidjon Koch;Mo–Sa 7–19:30;keine;Hausmeister, Winterdienst, Entrümpelung, Reinigung. Nutzt eine Googlemail-Adresse.;https://www.dasoertliche.de/Themen/Umidjon-Koch-Hausmeisterdienste-N%C3%BCrnberg-Glockenhof-Keplerstr
Fußpflege Beilhardt;Fußpflege;Laufamholzstr. 45, 90482 Nürnberg;Mögeldorf;0911 25365607;;;;;keine;Medizinische Fußpflege. Online nur ein Doctolib-Profil.;https://www.11880.com/branchenbuch/nuernberg-mittelfranken/110631810B101051777/fusspflege-beilhardt.html
Fußpflege Rosalia;Fußpflege;Willstr. 8, 90429 Nürnberg;Gostenhof;0911 2747328;;;;;keine;Teils auch unter Bucher Str. 17 gelistet.;https://www.11880.com/branchenbuch/nuernberg-mittelfranken/110631810B100722979/fusspflege-rosalia.html
Topnails (Kosmetik Luna);Nagelstudio;Theresienstr. 24, 90403 Nürnberg;Altstadt;0911 9928170;0176 56706191 (WhatsApp);;;Mo–Fr 9–19, Sa 9–17;keine;Nägel, Kosmetik, Wimpern. Nur Instagram @topnailsnuernberg.;https://www.11880.com/branchenbuch/nuernberg-mittelfranken/110633838B108234611/topnails.html
Kosmetikstudio Elena M;Kosmetik;Glogauer Str. 11, 90473 Nürnberg;Langwasser;0911 8009780;;;;Mo–Fr 10–17, Sa 10–14;keine;Die alte Cylex-Minisite ist abgeschaltet, seitdem gibt es keine Website mehr.;https://www.11880.com/branchenbuch/nuernberg-mittelfranken/110630625B102408194/kosmetikstudio-elena-m.html
Döner Imbiß Ballerina;Imbiss;Äußerer Laufer Platz 12, 90403 Nürnberg;Altstadt;0911 5817855;;;;täglich ca. 11:30–21:30;keine;Sehr beliebt: 4,4 Sterne bei rund 600 Bewertungen, aber nur Uber Eats und Facebook.;https://www.yelp.com/biz/ballerina-d%C3%B6ner-imbi%C3%9F-n%C3%BCrnberg
Imbiss Antalya;Imbiss;Dombühler Str. 9, 90449 Nürnberg;Röthenbach;0911 2557950;;;;täglich 8:30–22;keine;Yelp nennt Hausnummer 60: im Gespräch bestätigen.;https://www.11880.com/branchenbuch/nuernberg-mittelfranken/071366134B101909860/imbiss-antalya.html
Karakaya Dürüm-Döner;Imbiss;Sulzbacher Str. 84, 90489 Nürnberg;Rennweg;01578 6840870;;;;Mo–Sa 8–22, So 11–22;keine;Nur ein Wolt-Profil. 11880 nennt Hausnummer 101.;https://www.11880.com/branchenbuch/nuernberg-mittelfranken/071366134B105452142/karakaya-dueruem-doener.html
Pizzeria Tricolore;Pizzeria;Rothenburger Str. 142, 90439 Nürnberg;Sündersbühl;0911 61051188;;;;täglich 9–22;keine;;https://www.11880.com/branchenbuch/nuernberg-mittelfranken/B108815043/pizzeria-tricolore.html
Brandenburger Wirtshaus;Restaurant;Reichelsdorfer Hauptstr. 162, 90453 Nürnberg;Reichelsdorf;0911 6325975;;;;;keine;Historisches Renaissance-Wirtshaus mit Hochzeiten, Rittermahl und Krimi-Dinner. Ohne Website entgehen ihm Event-Anfragen.;https://www.yelp.de/biz/brandenburger-wirtshaus-n%C3%BCrnberg
Elektro-Rupprecht GmbH;Elektriker;Zerzabelshofer Hauptstr. 11, 90480 Nürnberg;Zerzabelshof;0911 404676;;;Klaus Rupprecht;Mo–Do 7–16:30, Fr 7–14;keine;Altbausanierung, Sprechanlagen. Einzugsgebiet Zabo und Mögeldorf.;https://www.11880.com/branchenbuch/nuernberg-mittelfranken/060691303B26364476/elektro-rupprecht-gmbh.html
ZieBra Schreinerei GmbH;Schreiner;Peter-Henlein-Str. 23, 90443 Nürnberg;Steinbühl;0911 412366;;;;;keine;Innenausbau.;https://www.11880.com/branchenbuch/nuernberg-mittelfranken/292242654B26702306/ziebra-schreinerei-gmbh.html
Textilreinigung Meischner;Textilreinigung;Schillerstr. 11, 90409 Nürnberg;Maxfeld;0911 351745;;;;Mo–Fr 8–18, Sa 9–13;keine;;https://www.11880.com/branchenbuch/nuernberg-mittelfranken/061324346B50033088/textilreinigung-meischner.html
Blumen Moßner GmbH;Blumen;Berckhauserstr. 7, 90409 Nürnberg;Maxfeld;0911 355894;0911 363680;Blumen.Mossner@t-online.de;;Mo–Fr 7:30–18, Sa 8–13, So 10–12;keine;Fleurop-Partner, Hochzeits- und Trauerfloristik. Nur Instagram.;https://www.gelbeseiten.de/gsbiz/575b404c-1e23-41f7-b595-0074bbec4d2f
Blumen Engelhardt;Blumen;Maxfeldstr. 17, 90409 Nürnberg;Maxfeld;0911 351990;;;;Mo–Fr 8–18, Sa 8–13, So 10–12;keine;;https://www.11880.com/branchenbuch/nuernberg-mittelfranken/170210816B53758459/engelhardt-blumen-blumengeschaeft.html
Metzgerei Hans Hartmann;Metzgerei;Bierweg 76, 90411 Nürnberg;Ziegelstein;0911 523183;;;;;keine;;https://www.11880.com/branchenbuch/nuernberg-mittelfranken/071213662B29480350/metzgerei-hans-hartmann.html
