name;branche;telefon;telefon2;email;inhaber;adresse;stadtteil;zeiten;bewertung;beschreibung;leistungen;online;ansatz;hinweis;website;quelle
Änderungsschneiderei Lidija Widmann;Schneiderei;089 66090818;;;Lidija Widmann;Dornröschenstr. 12, 81739 München;Ramersdorf-Perlach;;;Änderungsschneiderei von Lidija Widmann in Ramersdorf-Perlach. Die erfahrene Schneiderin macht Änderungen, Anzüge und Kleider mit persönlicher Beratung und ehrlicher Einschätzung und arbeitet selbst an jedem Stück, was Stammkunden besonders schätzen. Das Spektrum reicht vom einfachen Kürzen bis zu aufwendigen Anpassungen an Figur und Stil.;Änderungen, Anzüge, Kleider, Kürzen & Anpassen;Cylex, 11880 und ein Eintrag auf der Website einer anderen Schneiderei.;Persönliche Beratung ist ihr Verkaufsargument, und das lässt sich auf einer eigenen Seite mit Foto und Preisbeispielen gut zeigen. Perlach ist groß, Laufkundschaft allein reicht nicht.;Die Nummer war in einem Verzeichnis nur gekürzt zu sehen (089 66090…): beim ersten Anruf bestätigen.;keine;https://www.11880.com/branchenbuch/muenchen/060690120B114052931/aenderungsschneiderei-lidija-widmann.html
Änderungsatelier S. Soysal;Schneiderei;089 768420;;;Sadi Soysal (laut Cylex);Implerstr. 86, 81371 München;Sendling;;Positive Bewertungen (3 bei unilocal);Änderungsatelier an der Implerstraße in Sendling. Kunden loben die sehr gute Handarbeit, auch Lederjacken werden repariert. Wegen der Auslastung kann es bis zu zwei Wochen dauern, bis ein Stück fertig ist.;Änderungen, Lederreparaturen, Reparaturen;Yelp, Cylex, Das Telefonbuch, 11880.;Gut ausgelastet, aber mit langen Wartezeiten. Eine Seite mit Terminanfrage und Preisliste spart Rückfragen am Tresen und am Telefon.;;keine;https://www.11880.com/branchenbuch/muenchen/060690120B28127354/soysal-s.html
M&M Änderungsschneiderei (und Reinigung);Schneiderei;089 422939;;;Murat Demirci;Truderinger Str. 318, 81825 München;Trudering;Mo–Fr 9–18, Sa 8:30–13;4,5 Sterne bei 27 Bewertungen;Änderungsschneiderei mit Reinigungsannahme an der Truderinger Straße, geführt von Murat Demirci. Geöffnet Mo–Fr 9–18, Sa 8:30–13 Uhr. Mit 27 Bewertungen und 4,5 Sternen gehört sie zu den besser bewerteten Schneidereien im Münchner Osten.;Änderungen, Reparaturen, Reinigungsannahme;Yelp, Cylex, dasistnah, wo-in-trudering.de.;Gute Bewertungen und zwei Leistungen in einem Laden. Eine Seite mit Preisen für Änderungen und Reinigung bringt Kunden aus ganz Trudering und Riem.;;keine;https://www.11880.com/branchenbuch/muenchen/060690120B112894310/m-m-aenderungsschneiderei-und-reinigung.html
Cilem Änderungsschneiderei;Schneiderei;089 46279626;;;;Berg-am-Laim-Str. 59, 81673 München;Berg am Laim;;;Änderungsschneiderei an der Berg-am-Laim-Straße. Online gibt es nur Verzeichniseinträge, keine Öffnungszeiten und keine Bewertungen.;Änderungen;Das Telefonbuch, öffnungszeitenbuch, 11880.;Online fast unsichtbar. Eine einfache Seite mit Öffnungszeiten und Preisen reicht, um bei „Schneiderei Berg am Laim“ gefunden zu werden.;Hausnummer 59 oder 75: im Gespräch bestätigen.;keine;https://www.11880.com/branchenbuch/muenchen/060690120B41933589/cilem-aenderungsschneiderei.html
Änderungsschneiderei Anastasia;Schneiderei;089 2730104;;;Anastasia Mezidou;Barer Str. 86A, 80799 München;Maxvorstadt;Mo–Fr 10–18, Sa 10–13;4,8 Sterne bei 4 Bewertungen;Änderungsschneiderei von Anastasia Mezidou an der Barer Straße in der Maxvorstadt, mitten im Uni-Viertel. Geöffnet Mo–Fr 10–18, Sa 10–13 Uhr. Die wenigen Bewertungen sind sehr gut.;Änderungen, Reparaturen;Instagram @anastasias.schneiderei, nicelocal, 11880.;Instagram gibt es schon. Eine Website mit Preisliste und Öffnungszeiten ergänzt das und wird bei Google gefunden, Instagram-Posts meistens nicht.;;keine;https://www.11880.com/branchenbuch/muenchen/060690120B107289150/anastasia-mezidou-aenderungsschneiderei.html
Änderungsschneiderei im Lehel;Schneiderei;089 35644922;;;;Sternstr. 19, 80538 München;Lehel;;;Änderungsschneiderei in der Sternstraße im Lehel, einem der teuersten Wohnviertel Münchens. Online stehen nur Adresse und Telefonnummer in den Verzeichnissen.;Änderungen, Reparaturen;muenchen.de-Branchenbuch, Das Telefonbuch, Cylex, 11880.;Im Lehel wohnen Kunden, die für Qualität zahlen und online suchen. Eine gepflegte Seite mit Leistungen wirkt dort mehr als jeder Verzeichniseintrag.;Namen der Inhaberin oder des Inhabers erfragen.;keine;https://www.11880.com/branchenbuch/muenchen/060690120B104660222/aenderungsschneiderei-im-lehel.html
Änderungsboutique Benek;Schneiderei;089 95404901;;;;Baumkirchner Str. 23, 81673 München;Berg am Laim;;Positive Bewertungen;Änderungs- und Reparaturservice in Berg am Laim mit einem besonderen Schwerpunkt auf Leder. Laut Kundenbewertungen ändern sie Motorradkombis, Lederjacken und Lederhosen, schnell und handwerklich sauber, auch bei hochwertigen Stücken.;Änderungen, Lederjacken, Motorradkombis, Lederhosen;Facebook-Seite, muenchen.de-Branchenbuch, schneidereien24.;Leder- und Trachtenänderungen sind eine Nische, nach der gezielt gesucht wird, gerade vor der Wiesn. Eine Seite mit Bildern und dem Stichwort Lederhose lohnt sich.;Es gibt eine Seite aenderungsboutique.de: vorher prüfen, ob sie zu diesem Betrieb gehört.;unklar;https://www.11880.com/branchenbuch/muenchen/060690120B102477736/aenderungsboutique-benek.html
Änderungsschneiderei Moosach;Schneiderei;089 146436;;;;Dachauer Str. 286, 80992 München;Moosach;Mo–Fr 9–13 und 14–18, Mi nur nachmittags;;Änderungsschneiderei an der Dachauer Straße in Moosach. Geöffnet Mo–Fr 9–13 und 14–18 Uhr, mittwochs nur nachmittags. Der Eintrag läuft nur unter „Änderungsschneiderei München“, ein Inhabername steht nirgends.;Änderungen, Schneiderarbeiten;Nur 11880 und öffnungszeitenbuch.;Unter einem Allerweltsnamen findet sie online niemand. Eigener Name, Website und Google-Profil wären hier das Komplettpaket.;Namen der Inhaberin oder des Inhabers erfragen.;keine;https://www.11880.com/branchenbuch/muenchen/060690120B52912084/aenderungsschneiderei-muenchen.html
EIN-Tritt im Forum Schuh- und Schlüsseldienst;Schuhmacher;089 54034104;;;;Theresienhöhe 5 (Forum Schwanthalerhöhe, UG), 80339 München;Schwanthalerhöhe;Mo–Sa 9:30–20;;Schuh- und Schlüsseldienst im Untergeschoss des Einkaufszentrums Forum Schwanthalerhöhe. Angeboten werden Schuhreparaturen wie Absätze und Sohlen, Schuhpflege, Schlüssel nachmachen, Gravuren und Uhrenservice wie Batteriewechsel. Dazu verkauft der Laden Schnürsenkel, Uhren, Gürtel, Geldbörsen und Stempel.;Schuhreparatur, Schlüsseldienst, Gravuren, Uhrenservice, Stempel;Facebook, Unterseite beim Forum Schwanthalerhöhe, golocal, Cylex.;Viele Leistungen, aber online nur eine Unterseite beim Einkaufszentrum. Eine eigene Seite mit Preisliste für Absatz, Sohle und Schlüssel.;;keine;https://www.mux.de/Eintritt-Schuh-und-Schluesseldienst-Forum-Schwanthalerhoehe
Gül-Imbiss;Imbiss;089 21665499;;;;Zweibrückenstr. 4, 80331 München;Isarvorstadt;;;Türkischer Imbiss an der Zweibrückenstraße, rund 40 Meter vom S-Bahnhof Isartor. Auf der Karte stehen hausgemachte Köfte, Hähnchenspieße, Kebab und Falafel, zum Mitnehmen oder per Lieferung. Freitags ist bis Mitternacht offen.;Döner & Kebab, Köfte, Hähnchenspieße, Falafel, Lieferung über Wolt;Wolt, Speisekarten-Portale.;Top-Lage am Isartor mit viel Laufkundschaft. Eine Seite mit Speisekarte und Öffnungszeiten, dazu Direktbestellung ohne Wolt-Provision.;;keine;https://www.11880.com/branchenbuch/muenchen/071366134B42107597/guel-imbiss.html
Balkan Imbiss;Imbiss;0173 3582953;;;;Lindenschmitstr. 33, 81371 München;Sendling;Mo–Sa 10–21:30, So 12–21:30;Google ca. 4,5 Sterne;Döner-Imbiss in Sendling mit orientalischer Küche und Hotdogs. Brot und Dönerspieß werden selbst gemacht, laut Bewertungen ist alles frisch und das Fleisch knusprig. Geöffnet Mo–Sa 10–21:30, So 12–21:30 Uhr.;Döner Kebap, Selbst gebackenes Brot, Hotdogs;Yelp, Restaurant-Portale, muenchen.de-Branchenbuch.;Hausgemachter Döner ist ein Verkaufsargument, das online niemand sieht. Eine Seite mit Speisekarte und Fotos.;;keine;https://www.11880.com/branchenbuch/muenchen/071366134B112667584/balkan-imbiss-doener-kebap.html
Furi's Döner;Imbiss;0178 9307629;;;;Effnerplatz 1, 81679 München;Bogenhausen;Mo–Fr 10–21, Sa 12–21, So 12–20;4,9 Sterne bei rund 1.160 Bewertungen;Döner-Laden am Effnerplatz in Bogenhausen mit Döner, Kebab, mediterraner Küche, Falafel, Salaten und süßem Gebäck, auch vegan, vegetarisch und halal. Die Preise liegen bei 1–10 €, es gibt Tische drinnen und draußen.;Döner & Kebab, Falafel, Vegan & vegetarisch, Halal, Lieferung über Wolt;Wolt, movetomunich, Bewertungsportale.;Einer der bestbewerteten Döner Münchens. Falls es keine eigene Seite gibt, bringen Speisekarte, Bewertungen und Direktbestellung sofort Umsatz.;Unter 9gg.de/halal-kebab gibt es eine Seite mit dem Namen: vorher prüfen, ob das ihre eigene Website ist.;unklar;https://www.11880.com/branchenbuch/muenchen/071362461B113443717/furi-s-doener.html
Metzgerei Mair;Metzgerei;089 78587323;;;Johann Mair (laut meinestadt);Aidenbachstr. 99, 81379 München;Obersendling;Mo–Fr 6–18, Sa 7–12;Sehr positive Bewertungen;Traditionelle Metzgerei an der Aidenbachstraße in Obersendling, geöffnet schon ab 6 Uhr. Kunden loben Qualität, Frische, faire Preise und die altmodisch gemütliche Atmosphäre. Besonders empfohlen werden Bratwurst, Weißwurst und Wurstsalat.;Bratwurst, Weißwurst, Wurstsalat, Fleisch & Wurst;Yelp, Cylex, yably, 11880.;Die Stammkundschaft ist da. Eine Seite mit Wochenangebot, Brotzeit und Öffnungszeiten holt die Büros rund um die Aidenbachstraße.;;keine;https://www.11880.com/branchenbuch/muenchen/071213662B26096392/metzgerei-mair.html
Metzgerei Kiesl;Metzgerei;089 421610;;;;Kirchtruderinger Str. 21, 81829 München;Trudering;Mo 7–13, Di–Fr 7–18, Sa 7–12;Positive Bewertungen;Metzgerei (Kiesl GmbH) an der Kirchtruderinger Straße. Kunden loben die sehr große Auswahl an Wurst und Fleisch zu vernünftigen Preisen.;Fleisch, Wurstwaren, Große Auswahl;Yelp, golocal, Gelbe Seiten, wo-in-trudering.de.;Eine große Auswahl, die man online nicht sieht. Eine Seite mit Sortiment, Grillangeboten und Öffnungszeiten.;;keine;https://www.11880.com/branchenbuch/muenchen/071213662B26096473/kiesl-gmbh-metzgerei.html
Metzgerei Pollinger;Metzgerei;089 39292315;;;Anton Pollinger (laut firmenabc);Johann-Clanze-Str. 112, 81369 München;Sendling-Westpark;Mo–Fr 7–13 und 16–18, Sa 7–12;;Traditionsmetzgerei in Sendling-Westpark, bekannt für Weißwurst und Leberkäse. Der Inhaber beliefert damit sogar Feinkost Käfer. Kunden loben die Wurstqualität, die ihre Erwartungen übertrifft.;Weißwurst, Leberkäse, Fleisch & Wurst;golocal, Gelbe Seiten, muenchen.de-Branchenbuch.;„Lieferant von Käfer“ ist ein Aufhänger, mit dem eine Website sofort Vertrauen schafft. Eine Seite mit Spezialitäten, Vorbestellung für Weißwürste und Öffnungszeiten.;;keine;https://www.11880.com/branchenbuch/muenchen/071213662B26667370/metzgerei-pollinger.html
Fleischmarkt Giesing (Gebrüder Moll);Metzgerei;089 6971832;;;Gebrüder Moll GbR;St.-Martin-Str. 1, 81541 München;Obergiesing;Di, Do, Fr 7–18, Mi und Sa 7–13;Positive Bewertungen;Familienmetzgerei in Giesing, seit 1993 für erstklassige Fleischwaren bekannt. Spezialitäten sind der Giesinger Leberkäs, hausgemachte Bratwürste und Giesinger Schinken, handwerklich aus regionalen Zutaten. Dazu gibt es einen Partyservice.;Giesinger Leberkäs, Bratwürste, Giesinger Schinken, Partyservice;golocal (4 Bewertungen), Das Örtliche, metzgerei.org.;Eigene Giesinger Spezialitäten und ein Partyservice: Genau dafür brauchen Kunden eine Seite mit Angebot und Bestellmöglichkeit.;;keine;https://mobil.dasoertliche.de/Themen/Gebr%C3%BCder-Moll-GbR-FLEISCHMARKT-GIESING-Metzgerei-M%C3%BCnchen-Obergiesing-St-Martin-Str
Metzgerei Schnitzler;Metzgerei;089 658612;;;Johann (Hans) Schnitzler;Entenbachstr. 2, 81541 München;Au;Di–Fr 7:30–13:30 und 14:30–18, Sa 7–12;3,7 Sterne bei 3 Bewertungen;Kleine Metzgerei „wie früher“ in der Au, geführt von Johann Schnitzler und seiner Frau. Große Auswahl zu fairen Preisen und eine warme Theke. Besonders gelobt werden Weiß- und Stockwürste auf Vorbestellung.;Weißwurst, Warme Theke, Fleisch & Wurst, Vorbestellung;golocal, Cylex, mux.de, 11880.;Vorbestellungen laufen bisher nur übers Telefon. Eine Seite mit Bestellformular für Weißwürste spart Zeit am Tresen.;;keine;https://www.11880.com/branchenbuch/muenchen/071213662B26350086/hans-schnitzler-metzgerei.html
Metzgerei Weinberger;Metzgerei;089 501811;;;Manuela Weinberger (laut meinestadt);Astallerstr. 12, 80339 München;Schwanthalerhöhe;Mo–Fr 7–17, Sa 7–12;4,7 Sterne bei 3 Bewertungen;Traditionelle bayerische Metzgerei im Westend, die frische, hausgemachte Gerichte zubereitet.;Fleisch & Wurst, Hausgemachte Gerichte, Bayerische Küche;golocal, Gelbe Seiten, metzgerei.org, 11880.;Hausgemachte Gerichte im Westend mit vielen Büros: Eine Seite mit Wochenkarte bringt Mittagsgäste.;;keine;https://www.11880.com/branchenbuch/muenchen/071213662B37724207/metzgerei-weinberger.html
Textilreinigung im Motorama;Textilreinigung;0152 17875246;;;;Rosenheimer Str. 30 (Motorama, UG), 81669 München;Haidhausen;Mo–Fr 9–19, Sa 10–18;;Textilreinigung mit Änderungsschneiderei im Untergeschoss der Motorama-Passage an der Rosenheimer Straße, gegenüber vom Supermarkt. Angeboten werden Textilreinigung, Wäsche- und Mangelservice, Express- und Hemdenservice, Änderungen und eine DHL-Annahme.;Textilreinigung, Hemdenservice, Mangelservice, Expressreinigung, Änderungen, DHL-Annahme;golocal, Gelbe Seiten, anzeiger24, dasistnah.;Im Untergeschoss versteckt. Eine Seite mit Preisliste und Wegbeschreibung holt Kunden aus ganz Haidhausen.;Teils auch als „Textilreinigung Quaglio im Motorama“ gelistet.;keine;https://www.11880.com/branchenbuch/muenchen/061331011B107724305/textilreinigung-im-motorama.html
Schindler Polsterei;Polsterei;089 7235550;;;Jörg Schindler (laut Cylex);Emil-Geis-Str. 10, 81379 München;Thalkirchen;;;Polsterei und Raumausstatter an der Emil-Geis-Straße in Thalkirchen. Online gibt es keine Details zu Leistungen, Referenzen oder Öffnungszeiten.;Polsterarbeiten, Raumausstattung;Nur Branchenbücher (Das Örtliche, golocal, Cylex).;Neu gepolsterte Sessel und Sofas liefern Vorher-nachher-Bilder, die sich perfekt für eine Website eignen.;;keine;https://www.11880.com/branchenbuch/muenchen/060694125B36691599/schindler-polsterei.html
Nail-Art-Factory;Nagelstudio;0160 99301714;;;;Landsberger Str. 104, 80339 München;Schwanthalerhöhe;;;Nagelstudio für Nageldesign an der Landsberger Straße (Schwanthalerhöhe). Online gibt es nur Verzeichniseinträge und ein Groupon-Profil, keine Preise und keine Bilder.;Nageldesign, Maniküre;Groupon, gonagelstudio, nagelstudiofinden, 11880.;Nageldesign lebt von Bildern. Eine Seite mit Galerie, Preisliste und Terminanfrage.;Nur eine Handynummer bekannt, Öffnungszeiten erfragen.;keine;https://www.11880.com/branchenbuch/muenchen/110633838B100178432/nail-art-factory.html
Le Nails Nagelstudio;Nagelstudio;089 87589479;01575 5669301;;;Verdistr. 44, 81247 München;Obermenzing;Mo–Fr 10–19, Sa 10–17;Positive Bewertungen;Nagelstudio an der Verdistraße in Obermenzing für Maniküre und Pediküre, zum Beispiel Pediküre mit French-Gel für 47 €. Kunden loben, dass die Inhaberin freundlich, kompetent und hygienisch arbeitet, Termine schnell vergibt und pünktlich ist.;Maniküre, Pediküre, Gel & French;muenchen.de-Branchenbuch, ivof, 11880.;Preise und zufriedene Kunden gibt es schon. Eine Seite mit Preisliste und Online-Termin nutzt genau das.;;keine;https://www.11880.com/branchenbuch/muenchen/110633838B112960218/le-nails-nagelstudio-muenchen.html
Änderungsschneiderei Mamed Alekperle;Schneiderei;089 160491;;;Mamed Alekperle (auch „Alekperli“ geschrieben);Schulstr. 13, 80634 München;Neuhausen;;;Änderungsschneiderei an der Schulstraße in Neuhausen. Außer Adresse und Nummer steht online nichts, keine Öffnungszeiten und keine Bewertungen.;Änderungen;Nur 11880 und muenchen.de-Branchenbuch.;Neuhausen ist ein dichtes Wohnviertel mit viel Nachfrage. Eine einfache Seite mit Öffnungszeiten und Preisen.;meinestadt führt unter derselben Adresse „Mamed Alekperli Kraftfahrzeuge“: fragen, ob die Schneiderei noch aktiv ist.;keine;https://www.11880.com/branchenbuch/muenchen/060690120B102414711/mamed-alekperle-aenderungsschneiderei.html
Änderungsschneiderei Präzision;Schneiderei;089 52063033;;;;Kistlerstr. 1, 81539 München;Obergiesing;Mo–Fr 9–13 und 14–18, Sa 10–15;4,4 Sterne bei 51 Bewertungen;Änderungsschneiderei in Obergiesing. Erfahrene Schneiderinnen machen Passformkorrekturen an Büro-, Abend- und Alltagskleidung. Der Laden ist barrierefrei.;Passformkorrekturen, Abendmode, Businesskleidung, Barrierefrei;Cylex, mux.de, 11880. Online-Termine werden erwähnt, eine eigene Website war nicht zu finden.;Viele gute Bewertungen und schon Interesse an Online-Terminen: Eine eigene Seite mit Buchungsknopf ist der logische nächste Schritt.;Auch als „Änderungsschneiderei Giesing“ gelistet.;keine;https://www.11880.com/branchenbuch/muenchen/060690120B112543980/aenderungsschneiderei-giesing.html
Giesinger Döner- und Grillhaus;Imbiss;089 45213996;;;;Schwanseestr. 26, 81539 München;Obergiesing;Mi–So 16–22;;Döner- und Grillhaus an der Schwanseestraße in Obergiesing, knapp 300 Meter von der S-Bahn Giesing. Auf der Karte stehen Kebab, Dürüm und Falafel. Geöffnet nur Mittwoch bis Sonntag am Abend.;Kebab, Dürüm, Falafel, Grill;Yelp, speisekarte.de, movetomunich, muenchen.de-Branchenbuch.;Nur abends und nicht jeden Tag offen: Solche Zeiten müssen Kunden online sofort finden. Eine Seite mit Speisekarte und Öffnungszeiten.;;keine;https://orte.muenchen.de/1288923.html
Änderungsatelier Bogenhausen;Schneiderei;089 99547950;;;Sylvia Köhler;Buschingstr. 6, 81677 München;Bogenhausen;Mo, Di, Do 9–12 und 13–17, Mi und Fr 9–12;Positive Bewertungen;Änderungsatelier von Sylvia Köhler in der Buschingstraße in Bogenhausen. Kunden beschreiben den Service als schnell und zuvorkommend, die Schneiderin als sehr nett und kompetent.;Änderungen, Reparaturen;muenchen.de-Branchenbuch, Yelp, Cylex.;Bogenhausen ist kaufkräftig, die Öffnungszeiten sind knapp. Eine Seite mit Zeiten, Preisen und Terminanfrage erspart Kunden vergebliche Wege.;;keine;https://orte.muenchen.de/1304324.html
Änderungs-Atelier Haidhausen;Schneiderei;089 41768918;;;;Kirchenstr. 71, 81675 München;Haidhausen;;;Änderungsatelier an der Kirchenstraße in Haidhausen-Nord. Online sind nur Adresse und Telefonnummer zu finden.;Änderungen;Nur muenchen.de-Branchenbuch und Verzeichnisse.;Haidhausen ist beliebt und kaufkräftig. Eine Seite mit Leistungen und Öffnungszeiten.;Inhaber und Öffnungszeiten erfragen.;keine;https://orte.muenchen.de/1281024.html
Atelier Efeteria Vasilaku;Schneiderei;089 485832;;;;Sedanstr. 29, 81667 München;Haidhausen;;;Änderungsatelier an der Sedanstraße in Haidhausen. Die neueste gefundene Bewertung stammt von 2017, sonst gibt es online keine Informationen.;Änderungen;Nur Verzeichniseinträge.;Falls der Laden noch läuft, ist er im Netz komplett unsichtbar. Eine einfache Seite mit Öffnungszeiten.;Letzte Online-Spur von 2017: zuerst klären, ob das Atelier noch geöffnet ist.;keine;https://orte.muenchen.de/1284200.html
